"firstname";"lastname";"email"
"Clifford";"Gutmann";"Clifford93@gmail.com"
"Robin";"Sipes";"Robin33@yahoo.com"
"Terrence";"Koelpin";"Terrence_Koelpin@yahoo.com"
"Dianne";"Welch";"Dianne32@yahoo.com"
"Duane";"Mraz";"Duane_Mraz@yahoo.com"
"Allan";"Hermann";"Allan.Hermann@gmail.com"
"Don";"Bogisich";"Don70@gmail.com"
"Laverne";"Ratke";"Laverne_Ratke49@hotmail.com"
"Leroy";"Christiansen";"Leroy.Christiansen@hotmail.com"
"Bethany";"Vandervort";"Bethany34@yahoo.com"
"Renee";"Cole";"Renee64@gmail.com"
"Gilberto";"Hickle";"Gilberto.Hickle@yahoo.com"
"Vernon";"Witting";"Vernon94@yahoo.com"
"Marvin";"Denesik";"Marvin68@yahoo.com"
"Amos";"Mohr";"Amos54@yahoo.com"
"Grace";"Abshire";"Grace_Abshire@hotmail.com"
"Franklin";"Kessler-Bashirian";"Franklin_Kessler-Bashirian@gmail.com"
"Jerry";"Kiehn";"Jerry_Kiehn@gmail.com"
"Mabel";"Dicki";"Mabel.Dicki@gmail.com"
"Tina";"Deckow";"Tina_Deckow@yahoo.com"
"Ricky";"Okuneva";"Ricky.Okuneva60@yahoo.com"
"Paula";"Barton";"Paula.Barton89@gmail.com"
"Kristina";"Cronin";"Kristina33@hotmail.com"
"Willie";"Waters";"Willie_Waters8@yahoo.com"
"Diana";"McKenzie";"Diana_McKenzie96@hotmail.com"
"Sidney";"Turner";"Sidney_Turner@gmail.com"
"Max";"Stracke-Nikolaus";"Max93@hotmail.com"
"Roxanne";"Ratke";"Roxanne.Ratke27@gmail.com"
"Harold";"Baumbach";"Harold_Baumbach23@yahoo.com"
"Lyle";"Keebler";"Lyle_Keebler@gmail.com"
"Christie";"Fay";"Christie.Fay@yahoo.com"
"Jorge";"Gutkowski";"Jorge_Gutkowski@hotmail.com"
"Gerard";"Ward";"Gerard.Ward19@gmail.com"
"Marcella";"Hamill";"Marcella_Hamill@yahoo.com"
"Lindsey";"Buckridge";"Lindsey_Buckridge@hotmail.com"
"Florence";"Kautzer";"Florence_Kautzer28@hotmail.com"
"Ada";"Gusikowski";"Ada_Gusikowski68@hotmail.com"
"Cory";"Hand";"Cory87@gmail.com"
"Otis";"Abshire";"Otis.Abshire@gmail.com"
"Daniel";"Hauck";"Daniel_Hauck38@hotmail.com"
"Lula";"Koss-Rempel";"Lula81@yahoo.com"
"Joanne";"Christiansen";"Joanne.Christiansen@hotmail.com"
"Geneva";"Bartell";"Geneva.Bartell49@hotmail.com"
"Bobbie";"Wilkinson";"Bobbie.Wilkinson74@gmail.com"
"Roderick";"Parisian";"Roderick_Parisian64@yahoo.com"
"Ethel";"Orn";"Ethel_Orn75@gmail.com"
"Lloyd";"Lockman";"Lloyd.Lockman55@gmail.com"
"Erica";"Bode";"Erica45@gmail.com"
"Bruce";"Schuster-Reichert";"Bruce.Schuster-Reichert55@gmail.com"
"Hannah";"Quigley";"Hannah_Quigley@hotmail.com"
"Kathy";"Labadie";"Kathy.Labadie45@gmail.com"
"Bob";"Konopelski";"Bob3@yahoo.com"
"Matt";"Kuvalis";"Matt.Kuvalis@hotmail.com"
"Kendra";"Goodwin";"Kendra.Goodwin2@hotmail.com"
"Rolando";"Watsica";"Rolando_Watsica@yahoo.com"
"Carlton";"Zemlak";"Carlton_Zemlak@yahoo.com"
"Emanuel";"Friesen";"Emanuel.Friesen32@yahoo.com"
"Spencer";"Watsica";"Spencer38@hotmail.com"
"Joyce";"Mayert";"Joyce.Mayert@yahoo.com"
"Robin";"Hudson";"Robin20@gmail.com"
"Dominic";"Cremin";"Dominic_Cremin73@gmail.com"
"Gwen";"Franey";"Gwen.Franey16@gmail.com"
"Tricia";"Zieme";"Tricia_Zieme@gmail.com"
"Pat";"Davis";"Pat_Davis@hotmail.com"
"Jo";"Denesik-McClure";"Jo89@gmail.com"
"Lula";"Kozey";"Lula7@gmail.com"
"Darnell";"Stehr";"Darnell_Stehr@gmail.com"
"Nathaniel";"Schumm";"Nathaniel.Schumm65@gmail.com"
"Grady";"Kulas";"Grady85@yahoo.com"
"Delia";"Weissnat";"Delia.Weissnat22@gmail.com"
"Christina";"Swaniawski";"Christina18@gmail.com"
"Rosa";"Powlowski";"Rosa.Powlowski@yahoo.com"
"Doris";"Muller";"Doris98@yahoo.com"
"Judith";"Breitenberg";"Judith.Breitenberg21@yahoo.com"
"Dwight";"Gislason";"Dwight.Gislason86@hotmail.com"
"Jim";"Witting";"Jim_Witting@hotmail.com"
"Ian";"Kautzer";"Ian48@hotmail.com"
"Jerald";"Considine";"Jerald.Considine@yahoo.com"
"Kristi";"Harvey";"Kristi77@yahoo.com"
"Regina";"Romaguera";"Regina27@yahoo.com"
"Ellis";"Monahan";"Ellis48@gmail.com"
"Debbie";"Shanahan";"Debbie.Shanahan@gmail.com"
"Sarah";"Pollich";"Sarah_Pollich@yahoo.com"
"Olive";"O'Reilly";"Olive34@yahoo.com"
"Terry";"Grady";"Terry37@gmail.com"
"Elmer";"Johnston";"Elmer_Johnston34@gmail.com"
"Armando";"Herzog-Kovacek";"Armando_Herzog-Kovacek63@gmail.com"
"Rosalie";"Heidenreich";"Rosalie.Heidenreich39@hotmail.com"
"Rufus";"Padberg";"Rufus_Padberg@hotmail.com"
"Kristine";"Rohan";"Kristine85@yahoo.com"
"Levi";"Ritchie";"Levi_Ritchie@gmail.com"
"Martin";"Nienow";"Martin_Nienow85@gmail.com"
"Lola";"Doyle";"Lola43@yahoo.com"
"Shelly";"Schultz";"Shelly.Schultz54@hotmail.com"
"Kelly";"Daugherty";"Kelly0@yahoo.com"
"Curtis";"Ferry";"Curtis_Ferry77@hotmail.com"
"Joann";"Purdy";"Joann_Purdy@gmail.com"
"Eric";"Price";"Eric_Price64@hotmail.com"
"Terrance";"Hamill";"Terrance.Hamill98@yahoo.com"
"Iris";"Murazik";"Iris.Murazik@hotmail.com"